{"cameraMode":{"drawMode":0,"name":"Shaded","section":"Shading Mode"},"sceneLighting":false,"audioPlay":false,"sceneViewState":{"showFog":true,"showMaterialUpdate":false,"showSkybox":false,"showFlares":true,"showImageEffects":true,"showParticleSystems":true},"in2DMode":false,"pivot":{"x":1.603018879890442,"y":1.4587370157241822,"z":-3.469501495361328},"rotation":{"x":-0.22339367866516114,"y":-0.670747697353363,"z":0.2232503741979599,"w":-0.671158492565155},"size":1.7496891021728516,"orthographic":false}