{"cameraMode":{"drawMode":0,"name":"Shaded","section":"Shading Mode"},"sceneLighting":false,"audioPlay":false,"sceneViewState":{"showFog":true,"showMaterialUpdate":false,"showSkybox":false,"showFlares":true,"showImageEffects":true,"showParticleSystems":true},"in2DMode":false,"pivot":{"x":-1.6200000047683716,"y":2.0869998931884767,"z":2.0799999237060549},"rotation":{"x":0.18247783184051515,"y":-0.7206073999404907,"z":0.2066732943058014,"w":0.6362320184707642},"size":1.267389178276062,"orthographic":false}